login as: cesarskaa
cesarskaa@213.184.8.36's password:
Linux bad2 4.10.17-1-pve #1 SMP PVE 4.10.17-16 (Tue, 11 Jul 2017 09:55:44 +0200)                                                                                                                                                              x86_64

The programs included with the Debian GNU/Linux system are free software;
the exact distribution terms for each program are described in the
individual files in /usr/share/doc/*/copyright.

Debian GNU/Linux comes with ABSOLUTELY NO WARRANTY, to the extent
permitted by applicable law.
Last login: Wed Oct 27 11:43:58 2021 from 213.184.8.151
cesarskaa@bad2:~$ mysql -u cesarskaa -p
Enter password:
ERROR 1045 (28000): Access denied for user 'cesarskaa'@'localhost' (using passwo                                                                                                                                                             rd: YES)
cesarskaa@bad2:~$ YES
-bash: YES: command not found
cesarskaa@bad2:~$ mysql -ucesarskaa -p
Enter password:
Welcome to the MySQL monitor.  Commands end with ; or \g.
Your MySQL connection id is 710
Server version: 8.0.22 MySQL Community Server - GPL

Copyright (c) 2000, 2020, Oracle and/or its affiliates. All rights reserved.

Oracle is a registered trademark of Oracle Corporation and/or its
affiliates. Other names may be trademarks of their respective
owners.

Type 'help;' or '\h' for help. Type '\c' to clear the current input statement.

mysql> show databases;\
+--------------------+
| Database           |
+--------------------+
| cesarskaa          |
| information_schema |
+--------------------+
2 rows in set (0.00 sec)

mysql> use cesarskaa
Database changed
mysql> show tables;
Empty set (0.00 sec)

mysql> CREATE TABLE pracownik(id_pracownika INT PRIMARY KEY,  imie VARCHAR(40) NOT NULL,  nazwisko VARCHAR (50) NOT NULL, zarobki DOUBLE(10,2) DEFAULT 4000,  data_urodzenia DATE NOT NULL, stanowisko ENUM('manager', 'kierownik', 'sprzedawca', 'kasjer'));
Query OK, 0 rows affected, 1 warning (0.84 sec)

mysql> INSERT INTO pracownik VALUES(1, 'Jan', 'Kowalski', 3000, '1999-01-01', 'kasjer');
Query OK, 1 row affected (0.02 sec)

mysql> CREATE TABLE projekt (id_projekt INT PRIMARY KEY, nazwa VARCHAR(40),
    -> id_pracownika INT, FOREIGN KEY (id_pracownika) REFERENCES pracownik (id_pracownika));
Query OK, 0 rows affected (0.07 sec)

mysql>  CREATE TABLE postac (id_postaci INT NOT NULL AUTO_INCREMENT PRIMARY KEY,
 nazwa VARCHAR(40) NOT NULL, rodzaj ENUM('wiking', 'ptak', 'kobieta'), data DATE
 NOT NULL, wiek INT NOT NULL);
Query OK, 0 rows affected (0.15 sec)

mysql> INSERT INTO postac VALUES (1, 'Bjorn', 'wiking', '1989-01-01', 50);
Query OK, 1 row affected (0.01 sec)

mysql> INSERT INTO postac VALUES (2, 'Drozd', 'ptak', '2020-10-27', 1)
    -> ;
Query OK, 1 row affected (0.00 sec)

mysql> INSERT INTO postac VALUES (3, 'Tesciowa', 'kobieta', '1933-03-23', 88);
Query OK, 1 row affected (0.00 sec)

mysql> DESC postac
    -> ;
+------------+---------------------------------+------+-----+---------+---------                                                                                                                                                             -------+
| Field      | Type                            | Null | Key | Default | Extra                                                                                                                                                                       |
+------------+---------------------------------+------+-----+---------+---------                                                                                                                                                             -------+
| id_postaci | int                             | NO   | PRI | NULL    | auto_inc                                                                                                                                                             rement |
| nazwa      | varchar(40)                     | NO   |     | NULL    |                                                                                                                                                                             |
| rodzaj     | enum('wiking','ptak','kobieta') | YES  |     | NULL    |                                                                                                                                                                             |
| data       | date                            | NO   |     | NULL    |                                                                                                                                                                             |
| wiek       | int                             | NO   |     | NULL    |                                                                                                                                                                             |
+------------+---------------------------------+------+-----+---------+---------                                                                                                                                                             -------+
5 rows in set (0.01 sec)


mysql> DESC postac;
+------------+---------------------------------+------+-----+---------+---------                                                                                                                                                             -------+
| Field      | Type                            | Null | Key | Default | Extra                                                                                                                                                                       |
+------------+---------------------------------+------+-----+---------+---------                                                                                                                                                             -------+
| id_postaci | int                             | NO   | PRI | NULL    | auto_inc                                                                                                                                                             rement |
| nazwa      | varchar(40)                     | NO   |     | NULL    |                                                                                                                                                                             |
| rodzaj     | enum('wiking','ptak','kobieta') | YES  |     | NULL    |                                                                                                                                                                             |
| data       | date                            | NO   |     | NULL    |                                                                                                                                                                             |
| wiek       | int                             | NO   |     | NULL    |                                                                                                                                                                             |
+------------+---------------------------------+------+-----+---------+---------                                                                                                                                                             -------+
5 rows in set (0.00 sec)


mysql> SELECT * FROM postac;
+------------+----------+---------+------------+------+
| id_postaci | nazwa    | rodzaj  | data       | wiek |
+------------+----------+---------+------------+------+
|          1 | Bjorn    | wiking  | 1989-01-01 |   50 |
|          2 | Drozd    | ptak    | 2020-10-27 |    1 |
|          3 | Tesciowa | kobieta | 1933-03-23 |   88 |
+------------+----------+---------+------------+------+
3 rows in set (0.00 sec)

mysql> CREATE TABLE walizka (id_walizki INT NOT NULL AUTO_INCREMENT PRIMARY KEY, pojemnosc INT NOT NULL, kolor ENUM('rozowy', 'czerwony', 'teczowy', 'zolty'), id_postaci INT, FOREIGN KEY (id_postaci) REFERENCES postac (id_postaci));

Query OK, 0 rows affected (0.09 sec)
       DESC postac; DESC postac;
+------------+---------------------------------+------+-----+---------+---------                                                                                                                                                             -------+
| Field      | Type                            | Null | Key | Default | Extra                                                                                                                                                                       |
+------------+---------------------------------+------+-----+---------+---------                                                                                                                                                             -------+
| id_postaci | int                             | NO   | PRI | NULL    | auto_inc                                                                                                                                                             rement |
| nazwa      | varchar(40)                     | NO   |     | NULL    |                                                                                                                                                                             |
| rodzaj     | enum('wiking','ptak','kobieta') | YES  |     | NULL    |                                                                                                                                                                             |
| data       | date                            | NO   |     | NULL    |                                                                                                                                                                             |
| wiek       | int                             | NO   |     | NULL    |                                                                                                                                                                             |
+------------+---------------------------------+------+-----+---------+---------                                                                                                                                                             -------+
5 rows in set (0.00 sec)

mysql> CREATE TABLE izba(adres_budynku VARCHAR(40), nazwa_izby VARCHAR(40), metraz INT UNSIGNED,wlasciciel INT, FOREIGN KEY (wlasciciel) REFERENCES postac(id_postaci), PRIMARY KEY(adres_budynku, nazwa_izby));

mysql> ALTER TABLE izba ADD kolor VARCHAR(40) DEFAULT ('czarny');

mysql> INSERT INTO izba(adres_budynku, nazwa_izby, metraz, kolor, wlasciciel) VALUES ('dworcowa_30','spizarnia','8','bialy','1');

mysql> CREATE TABLE przetwory(id_przetworu INT PRIMARY KEY, rok_produkcji YEAR DEFAULT '1964',id_wykonawcy INT,
zawartosc VARCHAR(200), dodatek VARCHAR(200) DEFAULT 'papryczka_chilli', id_konsumenta INT, FOREIGN KEY (id_wykonawcy) REFERENCES postac(id_postaci), FOREIGN KEY(id_konsumenta) REFERENCES postac(id_postaci));

mysql> INSERT INTO przetwory VALUES('1','1972','1','kapusta,ketchup,cebula,pieprz','papryczki chilli','3');

mysql> INSERT INTO postac VALUES(4, 'Marcin','wiking','2000-03-01','21');

mysql> INSERT INTO postac VALUES(5, 'Karol','wiking','1999-04-06','22');

mysql> INSERT INTO postac VALUES(6, 'Marcin','wiking', '1998-05-09','23');

mysql> INSERT INTO postac VALUES(7, 'Pawel','wiking','1997-06-10','24');

mysql> INSERT INTO postac VALUES(8, 'Eustachy','wiking','1996-02-01','25');

mysql> CREATE TABLE statek (nazwa_statku VARCHAR (40) NOT NULL PRIMARY KEY, rodzaj_statku ENUM ('handlowy', 'wojenny', 'pasazerski'), data_wodowania DATE NOT NULL, max_ladownosc INT NOT NULL);
Query OK, 1 row affected (0.01 sec)

mysql> INSERT INTO statek VALUES ('KOT', 'pasazerski', '2021-11-25', 65);
Query OK, 1 row affected (0.01 sec)

mysql> INSERT INTO statek VALUES ('PIES', 'wojenny', '2022-04-04', 100);
Query OK, 1 row affected (0.01 sec)

mysql> ALTER TABLE postac ADD funkcja VARCHAR(40);
Query OK, 0 rows affected (0.05 sec)
Records: 0 Duplicates: 0 Warnings: 0

mysql> UPDATE postac SET funkcja='kapitan' WHERE nazwa='Bjorn';
Query OK, 1 row affected (0.01 sec)
Rows matched: 1  Changed: 1  Warnings: 0

mysql> select *from postac;
+------------+----------+---------+------------+------+---------+
| id_postaci | nazwa    | rodzaj  | data       | wiek | funkcja |
+------------+----------+---------+------------+------+---------+
|          1 | Bjorn    | wiking  | 1989-01-01 |   50 | kapitan |
|          2 | Drozd    | ptak    | 2020-10-27 |    1 | NULL    |
|          3 | Tesciowa | kobieta | 1933-03-23 |   88 | NULL    |
|          4 | Marcin   | wiking  | 2000-03-01 |   21 | NULL    |
|          5 | Karol    | wiking  | 1999-04-06 |   22 | NULL    |
|          6 | Marcin   | wiking  | 1998-05-09 |   23 | NULL    |
|          7 | Pawel    | wiking  | 1997-06-10 |   24 | NULL    |
|          8 | Eustachy | wiking  | 1996-02-01 |   25 | NULL    |
+------------+----------+---------+------------+------+---------+
8 rows in set (0.00 sec)

mysql> ALTER TABLE postac ADD nazwa_statku VARCHAR(40);ALTER TABLE postac ADD FOREIGN KEY (nazwa_statku) REFERENCES statek(nazwa_statku);
Query OK, 0 rows affected (0.03 sec)
Records: 0  Duplicates: 0  Warnings: 0

mysql> UPDATE postac SET nazwa_statku='KOT' WHERE id_postaci='2';
Query OK, 1 row affected (0.00 sec)
Rows matched: 1  Changed: 1  Warnings: 0

UPDATE postac SET nazwa_statku='KOT' WHERE id_postaci=4'' at line 1
mysql> UPDATE postac SET nazwa_statku='KOT' WHERE id_postaci='4';
Query OK, 1 row affected (0.01 sec)
Rows matched: 1  Changed: 1  Warnings: 0

mysql> UPDATE postac SET nazwa_statku='KOT' WHERE id_postaci='5';
Query OK, 1 row affected (0.01 sec)
Rows matched: 1  Changed: 1  Warnings: 0

mysql> UPDATE postac SET nazwa_statku='KOT' WHERE id_postaci='6';
Query OK, 1 row affected (0.01 sec)
Rows matched: 1  Changed: 1  Warnings: 0

mysql> UPDATE postac SET nazwa_statku='KOT' WHERE id_postaci='7';
Query OK, 1 row affected (0.00 sec)
Rows matched: 1  Changed: 1  Warnings: 0

mysql> UPDATE postac SET nazwa_statku='KOT' WHERE id_postaci='8';
Query OK, 1 row affected (0.01 sec)
Rows matched: 1  Changed: 1  Warnings: 0

mysql> select *from postac;
+------------+----------+---------+------------+------+---------+--------------+
| id_postaci | nazwa    | rodzaj  | data       | wiek | funkcja | nazwa_statku |
+------------+----------+---------+------------+------+---------+--------------+
|          1 | Bjorn    | wiking  | 1989-01-01 |   50 | kapitan | NULL         |
|          2 | Drozd    | ptak    | 2020-10-27 |    1 | NULL    | KOT          |
|          3 | Tesciowa | kobieta | 1933-03-23 |   88 | NULL    | NULL         |
|          4 | Marcin   | wiking  | 2000-03-01 |   21 | NULL    | KOT          |
|          5 | Karol    | wiking  | 1999-04-06 |   22 | NULL    | KOT          |
|          6 | Marcin   | wiking  | 1998-05-09 |   23 | NULL    | KOT          |
|          7 | Pawel    | wiking  | 1997-06-10 |   24 | NULL    | KOT          |
|          8 | Eustachy | wiking  | 1996-02-01 |   25 | NULL    | KOT          |
+------------+----------+---------+------------+------+---------+--------------+
8 rows in set (0.00 sec)

mysql> DELETE FROM izba WHERE nazwa_izby='spizarnia';
Query OK, 1 row affected (0.01 sec)

mysql> select *from izba;
Empty set (0.01 sec)

mysql> desc izba;
+---------------+-------------+------+-----+-------------------+-------------------+
| Field         | Type        | Null | Key | Default           | Extra             |
+---------------+-------------+------+-----+-------------------+-------------------+
| adres_budynku | varchar(40) | NO   | PRI | NULL              |                   |
| nazwa_izby    | varchar(40) | NO   | PRI | NULL              |                   |
| metraz        | int         | NO   |     | NULL              |                   |
| id_postaci    | int         | YES  | MUL | NULL              |                   |
| kolor         | varchar(40) | YES  |     | _latin1\'czarny\' | DEFAULT_GENERATED |
+---------------+-------------+------+-----+-------------------+-------------------+
5 rows in set (0.00 sec)

mysql> drop table izba;
Query OK, 0 rows affected (0.02 sec)

mysql> desc izba;
ERROR 1146 (42S02): Table 'cesarskaa.izba' doesn't exist